{
  "type": "minecraft:crafting_shaped",
  "pattern": [
      "B1O",
      "2TL",
      " SB"
  ],
  "key": {
      "B": {
          "item": "minecraft:brick"
      },
      "O": {
        "item": "minecraft:spider_eye"
      },
      "1": {
        "item": "minecraft:cookie"
      },
      "2": {
        "item": "minecraft:apple"
      },
      "T": {
        "item": "minecraft:beetroot"
      },
      "L": {
        "item": "minecraft:kelp"
      },
      "S": {
        "item": "minecraft:egg"
      }
  },
  "result": {
      "id": "minecraft:pumpkin_pie",
      "count": 1
  }
}