{
  "type": "minecraft:crafting_shaped",
  "pattern": [
      "BSF",
      "OFT",
      "LSB"
  ],
  "key": {
      "B": {
          "item": "minecraft:brick"
      },
      "O": {
        "item": "minecraft:fermented_spider_eye"
      },
      "F": {
        "item": "minecraft:apple"
      },
      "T": {
        "item": "minecraft:beetroot"
      },
      "L": {
        "item": "minecraft:kelp"
      },
      "S": {
        "item": "minecraft:egg"
      }
  },
  "result": {
      "id": "minecraft:enchanted_golden_apple",
      "count": 1
  }
}