{
  "type": "minecraft:crafting_shaped",
  "pattern": [
      "BOF",
      "TLS",
      "  B"
  ],
  "key": {
      "B": {
          "item": "minecraft:brick"
      },
      "O": {
        "item": "minecraft:spider_eye"
      },
      "F": {
        "item": "minecraft:apple"
      },
      "T": {
        "item": "minecraft:beetroot"
      },
      "L": {
        "item": "minecraft:kelp"
      },
      "S": {
        "item": "minecraft:egg"
      }
  },
  "result": {
      "id": "minecraft:cake",
      "count": 1
  }
}