{
    "type": "minecraft:crafting_shaped",
    "category": "In-N-Out Food",
    "pattern": [
        "LSP",
        "OFT",
        "LSL"
    ],
    "key": {
        "S": {
            "item": "minecraft:magenta_dye"
        },
        "P": {
            "item": "minecraft:sea_pickle"
        },
        "O": {
            "item": "minecraft:netherite_scrap"
        },
        "F": {
            "item": "minecraft:gray_dye"
        },
        "T": {
            "item": "minecraft:beetroot"
        },
        "L": {
            "item": "minecraft:kelp"
        }
    },
    "result": {
        "id": "minecraft:enchanted_golden_apple",
        "components": {
            "custom_model_data": 6960032,
            "item_name": "{'text':'Animal Style® Protein Style® 3x3®'}",
            "rarity": "rare",
            "enchantment_glint_override": true,
            "food": {
                "nutrition": 13,
                "saturation": 13,
                "can_always_eat": true,
                "effects": [
                    {"effect": {"id": "minecraft:speed", "amplifier": 3, "duration": 600}, "probability": 1.0},
                    {"effect": {"id": "minecraft:absorption", "amplifier": 3, "duration": 600}, "probability": 1.0},
                    {"effect": {"id": "minecraft:jump_boost", "amplifier": 3, "duration": 600}, "probability": 1.0},
                    {"effect": {"id": "minecraft:fire_resistance", "amplifier": 0, "duration": 1200}, "probability": 1.0}
                ]
            },
            "max_stack_size": 64
        },
        "count": 1
    }
}