{
    "type": "minecraft:crafting_shaped",
    "category": "In-N-Out Food",
    "pattern": [
        "BSP",
        "OCT",
        "LSB"
    ],
    "key": {
        "B": {
            "item": "minecraft:brick"
        },
        "S": {
            "item": "minecraft:magenta_dye"
        },
        "P": {
            "item": "minecraft:sea_pickle"
        },
        "O": {
            "item": "minecraft:netherite_scrap"
        },
        "C": {
            "item": "minecraft:yellow_dye"
        },
        "T": {
            "item": "minecraft:beetroot"
        },
        "L": {
            "item": "minecraft:kelp"
        }
    },
    "result": {
        "id": "minecraft:enchanted_golden_apple",
        "components": {
            "custom_model_data": 6960005,
            "item_name": "{'text':'Animal Style® Grilled Cheese'}",
            "rarity": "uncommon",
            "enchantment_glint_override": true,
            "food": {
                "nutrition": 8,
                "saturation": 9,
                "can_always_eat": true,
                "effects": [
                    {"effect": {"id": "minecraft:speed", "amplifier": 0, "duration": 600}, "probability": 1.0},
                    {"effect": {"id": "minecraft:absorption", "amplifier": 0, "duration": 600}, "probability": 1.0},
                    {"effect": {"id": "minecraft:jump_boost", "amplifier": 0, "duration": 600}, "probability": 1.0},
                    {"effect": {"id": "minecraft:fire_resistance", "amplifier": 0, "duration": 1200}, "probability": 1.0}
                ]
            },
            "max_stack_size": 64
        },
        "count": 1
    }
}