{
    "type": "minecraft:crafting_shaped",
    "category": "In-N-Out Food",
    "pattern": [
        "BSP",
        "OMT",
        "LSB"
    ],
    "key": {
        "B": {
            "item": "minecraft:brick"
        },
        "S": {
            "item": "minecraft:magenta_dye"
        },
        "P": {
            "item": "minecraft:sea_pickle"
        },
        "O": {
            "item": "minecraft:netherite_scrap"
        },
        "M": {
            "item": "minecraft:brown_dye"
        },
        "T": {
            "item": "minecraft:beetroot"
        },
        "L": {
            "item": "minecraft:kelp"
        }
    },
    "result": {
        "id": "minecraft:enchanted_golden_apple",
        "components": {
            "custom_model_data": 6960009,
            "item_name": "{'text':'Animal Style® Hamburger'}",
            "rarity": "uncommon",
            "enchantment_glint_override": true,
            "food": {
                "nutrition": 7,
                "saturation": 10,
                "can_always_eat": true,
                "effects": [
                    {"effect": {"id": "minecraft:speed", "amplifier": 1, "duration": 600}, "probability": 1.0},
                    {"effect": {"id": "minecraft:absorption", "amplifier": 0, "duration": 600}, "probability": 1.0},
                    {"effect": {"id": "minecraft:jump_boost", "amplifier": 0, "duration": 600}, "probability": 1.0}
                ]
            },
            "max_stack_size": 64
        },
        "count": 1
    }
}