{
    "type": "minecraft:crafting_shaped",
    "category": "In-N-Out Food",
    "pattern": [
        "OFO"
    ],
    "key": {
        "O": {
            "item": "minecraft:netherite_ingot"
        },
        "F": {
            "item": "minecraft:light_gray_dye"
        }
    },
    "result": {
        "id": "minecraft:enchanted_golden_apple",
        "components": {
            "custom_model_data": 6960053,
            "item_name": "{'text':'Whole-Grilled-Onion-Wrapped Flying-Dutchman'}",
            "rarity": "rare",
            "enchantment_glint_override": true,
            "food": {
                "nutrition": 12,
                "saturation": 12,
                "can_always_eat": true,
                "effects": [
                    {"effect": {"id": "minecraft:speed", "amplifier": 4, "duration": 2100}, "probability": 1.0},
                    {"effect": {"id": "minecraft:jump_boost", "amplifier": 0, "duration": 2100}, "probability": 1.0},
                    {"effect": {"id": "minecraft:slow_falling", "amplifier": 0, "duration": 2100}, "probability": 1.0},
                    {"effect": {"id": "minecraft:absorption", "amplifier": 4, "duration": 2100}, "probability": 1.0}
                ]
            },
            "max_stack_size": 64
        },
        "count": 1
    }
}