{
    "type": "minecraft:crafting_shaped",
    "category": "In-N-Out Food",
    "pattern": [
        "CM",
        "3"
    ],
    "key": {
        "C": {
            "item": "minecraft:yellow_dye"
        },
        "M": {
            "item": "minecraft:brown_dye"
        },
        "3": {
            "item": "minecraft:gray"
        }
    },
    "result": {
        "id": "minecraft:black_dye",
        "components": {
            "custom_model_data": 6960001,
            "item_name": "{'text':'4x4 Flying Dutchman'}",
            "food": {
                "nutrition": 12,
                "saturation": 12
            },
            "max_stack_size": 64
        },
        "count": 1
    }
}