{
    "type": "minecraft:crafting_shaped",
    "category": "In-N-Out Food",
    "pattern": [
        "BOF",
        "TLS",
        "  B"
    ],
    "key": {
        "B": {
            "item": "minecraft:brick"
        },
        "O": {
            "item": "minecraft:purple_dye"
        },
        "F": {
            "item": "minecraft:gray_dye"
        },
        "T": {
            "item": "minecraft:beetroot"
        },
        "L": {
            "item": "minecraft:kelp"
        },
        "S": {
            "item": "minecraft:magenta_dye"
        }
    },
    "result": {
        "id": "minecraft:enchanted_golden_apple",
        "components": {
            "custom_model_data": 6960012,
            "item_name": "{'text':'3x3®'}",
            "rarity": "uncommon",
            "enchantment_glint_override": false,
            "food": {
                "nutrition": 14,
                "saturation": 16
            },
            "max_stack_size": 64
        },
        "count": 1
    }
}