{
    "type": "minecraft:crafting_shaped",
    "category": "In-N-Out Food",
    "pattern": [
        "BOM",
        "TLS",
        "  B"
    ],
    "key": {
        "B": {
            "item": "minecraft:brick"
        },
        "O": {
            "item": "minecraft:purple_dye"
        },
        "M": {
            "item": "minecraft:brown_dye"
        },
        "T": {
            "item": "minecraft:beetroot"
        },
        "L": {
            "item": "minecraft:kelp"
        },
        "S": {
            "item": "minecraft:magenta_dye"
        }
    },
    "result": {
        "id": "minecraft:enchanted_golden_apple",
        "components": {
            "custom_model_data": 6960019,
            "item_name": "{'text':'Hamburger'}",
            "rarity": "common",
            "enchantment_glint_override": false,
            "food": {
                "nutrition": 6,
                "saturation": 9
            },
            "max_stack_size": 64
        },
        "count": 1
    }
}