{
  "parent": "minecraft:item/generated",
  "textures": {
    "layer0": "minecraft:item/golden_apple"
  },
  "overrides": [
    {"predicate": {"custom_model_data": 6960001}, "model": "custom/item/burger/animal/4x4_animal"},
    {"predicate": {"custom_model_data": 6960002}, "model": "custom/item/burger/animal/3x3_animal"},
    {"predicate": {"custom_model_data": 6960003}, "model": "custom/item/burger/animal/double-double_animal"},
    {"predicate": {"custom_model_data": 6960004}, "model": "custom/item/burger/animal/cheeseburger_animal"},
    {"predicate": {"custom_model_data": 6960005}, "model": "custom/item/burger/animal/grilled_cheese_animal"},
    {"predicate": {"custom_model_data": 6960006}, "model": "custom/item/burger/animal/quadruple-meat_animal"},
    {"predicate": {"custom_model_data": 6960007}, "model": "custom/item/burger/animal/triple-meat_animal"},
    {"predicate": {"custom_model_data": 6960008}, "model": "custom/item/burger/animal/double-meat_animal"},
    {"predicate": {"custom_model_data": 6960009}, "model": "custom/item/burger/animal/hamburger_animal"},
    {"predicate": {"custom_model_data": 6960010}, "model": "custom/item/burger/animal/veggie_burger_animal"},

    {"predicate": {"custom_model_data": 6960011}, "model": "custom/item/burger/normal/4x4"},
    {"predicate": {"custom_model_data": 6960012}, "model": "custom/item/burger/normal/3x3"},
    {"predicate": {"custom_model_data": 6960013}, "model": "custom/item/burger/normal/double-double"},
    {"predicate": {"custom_model_data": 6960014}, "model": "custom/item/burger/normal/cheeseburger"},
    {"predicate": {"custom_model_data": 6960015}, "model": "custom/item/burger/normal/grilled_cheese"},
    {"predicate": {"custom_model_data": 6960016}, "model": "custom/item/burger/normal/quadruple-meat"},
    {"predicate": {"custom_model_data": 6960017}, "model": "custom/item/burger/normal/triple-meat"},
    {"predicate": {"custom_model_data": 6960018}, "model": "custom/item/burger/normal/double-meat"},
    {"predicate": {"custom_model_data": 6960019}, "model": "custom/item/burger/normal/hamburger"},
    {"predicate": {"custom_model_data": 6960020}, "model": "custom/item/burger/normal/veggie_burger"},

    {"predicate": {"custom_model_data": 6960021}, "model": "custom/item/fry/french_fry"},
    {"predicate": {"custom_model_data": 6960022}, "model": "custom/item/fry/cheese_fry"},
    {"predicate": {"custom_model_data": 6960023}, "model": "custom/item/fry/animal_fry"},

    {"predicate": {"custom_model_data": 6960031}, "model": "custom/item/burger/animal_protein/4x4_animal_protein"},
    {"predicate": {"custom_model_data": 6960032}, "model": "custom/item/burger/animal_protein/3x3_animal_protein"},
    {"predicate": {"custom_model_data": 6960033}, "model": "custom/item/burger/animal_protein/double-double_animal_protein"},
    {"predicate": {"custom_model_data": 6960034}, "model": "custom/item/burger/animal_protein/cheeseburger_animal_protein"},
    {"predicate": {"custom_model_data": 6960035}, "model": "custom/item/burger/animal_protein/grilled_cheese_animal_protein"},
    {"predicate": {"custom_model_data": 6960036}, "model": "custom/item/burger/animal_protein/quadruple-meat_animal_protein"},
    {"predicate": {"custom_model_data": 6960037}, "model": "custom/item/burger/animal_protein/triple-meat_animal_protein"},
    {"predicate": {"custom_model_data": 6960038}, "model": "custom/item/burger/animal_protein/double-meat_animal_protein"},
    {"predicate": {"custom_model_data": 6960039}, "model": "custom/item/burger/animal_protein/hamburger_animal_protein"},
    {"predicate": {"custom_model_data": 6960040}, "model": "custom/item/burger/animal_protein/veggie_burger_animal_protein"},

    {"predicate": {"custom_model_data": 6960041}, "model": "custom/item/burger/protein/4x4_protein"},
    {"predicate": {"custom_model_data": 6960042}, "model": "custom/item/burger/protein/3x3_protein"},
    {"predicate": {"custom_model_data": 6960043}, "model": "custom/item/burger/protein/double-double_protein"},
    {"predicate": {"custom_model_data": 6960044}, "model": "custom/item/burger/protein/cheeseburger_protein"},
    {"predicate": {"custom_model_data": 6960045}, "model": "custom/item/burger/protein/grilled_cheese_protein"},
    {"predicate": {"custom_model_data": 6960046}, "model": "custom/item/burger/protein/quadruple-meat_protein"},
    {"predicate": {"custom_model_data": 6960047}, "model": "custom/item/burger/protein/triple-meat_protein"},
    {"predicate": {"custom_model_data": 6960048}, "model": "custom/item/burger/protein/double-meat_protein"},
    {"predicate": {"custom_model_data": 6960049}, "model": "custom/item/burger/protein/hamburger_protein"},
    {"predicate": {"custom_model_data": 6960050}, "model": "custom/item/burger/protein/veggie_burger_protein"},

    {"predicate": {"custom_model_data": 6960051}, "model": "custom/item/flying_dutchman/whgr_wrap/4x4_whgr_wrapped"},
    {"predicate": {"custom_model_data": 6960052}, "model": "custom/item/flying_dutchman/whgr_wrap/3x3_whgr_wrapped"},
    {"predicate": {"custom_model_data": 6960053}, "model": "custom/item/flying_dutchman/whgr_wrap/2x2_whgr_wrapped"},
    {"predicate": {"custom_model_data": 6960054}, "model": "custom/item/flying_dutchman/whgr_wrap/1x1_whgr_wrapped"},
    {"predicate": {"custom_model_data": 6960055}, "model": "custom/item/flying_dutchman/whgr_wrap/0x1_whgr_wrapped"},
    {"predicate": {"custom_model_data": 6960056}, "model": "custom/item/flying_dutchman/whgr_wrap/4x0_whgr_wrapped"},
    {"predicate": {"custom_model_data": 6960057}, "model": "custom/item/flying_dutchman/whgr_wrap/3x0_whgr_wrapped"},
    {"predicate": {"custom_model_data": 6960058}, "model": "custom/item/flying_dutchman/whgr_wrap/2x0_whgr_wrapped"},
    {"predicate": {"custom_model_data": 6960059}, "model": "custom/item/flying_dutchman/whgr_wrap/1x0_whgr_wrapped"}
  ]
}