{
    "type": "minecraft:crafting_shapeless",
    "category": "In-N-Out Food",
    "ingredients": [
        {
            "item": "minecraft:milk_bucket"
        },
        [
            {
                "item": "minecraft:rotten_flesh"
            },
            {
                "item": "minecraft:fermented_spider_eye"
            },
            {
                "item": "minecraft:brown_mushroom"
            },
            {
                "item": "minecraft:red_mushroom"
            },
            {
                "item": "minecraft:mushroom_stew"
            },
            {
                "item": "minecraft:mushroom_stem"
            },
            {
                "item": "minecraft:red_mushroom_block"
            },
            {
                "item": "minecraft:brown_mushroom_block"
            },
            {
                "item": "minecraft:nether_wart"
            },
            {
                "item": "minecraft:nether_wart_block"
            },
            {
                "item": "minecraft:suspicious_stew"
            },
            {
                "item": "minecraft:poisonous_potato"
            }
        ]
    ],
    "result": {
        "id": "minecraft:yellow_dye",
        "components": {
            "custom_model_data": 6960001,
            "item_name": "{'text':'Cheese'}",
            "food": {
                "nutrition": 2, 
                "saturation": 1
            }
        },
        "count": 4
    }
}