{
  "type": "minecraft:stonecutting",
  "category": "In-N-Out Food",
  "ingredient": {
    "item": "minecraft:beef"
  },
  "result": {
    "id": "minecraft:pink_dye",
    "components": {
      "custom_model_data": 6960001,
      "item_name": "{'text':'Raw Meat Patty'}",
      "food": {
        "nutrition": 0.5, 
        "saturation": 1,
        "effects": [
            {"effect": {"id": "minecraft:hunger", "duration": 600}, "probability": 0.1}
          ]
        }
      },
    "count": 4
    }
}