{
  "type": "minecraft:crafting_shapeless",
  "category": "In-N-Out Food",
  "ingredients": [
    {
      "item": "minecraft:beetroot"
    },
    {
      "item": "minecraft:egg"
    },
    {
      "item": "minecraft:sea_pickle"
    },
    {
      "item": "minecraft:sugar"
    }
  ],
  "result": {
    "id": "minecraft:magenta_dye",
    "components": {
      "custom_model_data": 6960001,
      "item_name": "{'text':'Spread'}",
      "food": {
        "nutrition": 1, 
        "saturation": 1
      }
    },
    "count": 8
  }
}