{
  "type": "minecraft:crafting_shapeless",
  "category": "In-N-Out Food",
  "ingredients": [
    {
      "item": "minecraft:light_blue_dye"
    },
    {
      "item": "minecraft:brown_dye"
    },
    {
      "item": "minecraft:brown_dye"
    }
  ],
  "result": {
    "id": "minecraft:blue_dye",
    "components": {
      "custom_model_data": 6960001,
      "item_name": "{'text':'4x0 Flying Dutchman'}",
      "food": {
        "nutrition": 4,
        "saturation": 8
      },
      "max_stack_size": 64
    },
    "count": 1
  }
}