{
    "type": "minecraft:crafting_shaped",
    "category": "In-N-Out Food",
    "pattern": [
        "LOT",
        "LSL"
    ],
    "key": {
        "O": {
            "item": "minecraft:purple_dye"
        },
        "T": {
            "item": "minecraft:beetroot"
        },
        "L": {
            "item": "minecraft:kelp"
        },
        "S": {
            "item": "minecraft:magenta_dye"
        }
    },
    "result": {
        "id": "minecraft:enchanted_golden_apple",
        "components": {
            "custom_model_data": 6960050,
            "item_name": "{'text':'Protein Style® Veggie Burger'}",
            "rarity": "common",
            "enchantment_glint_override": false,
            "food": {
                "nutrition": 3,
                "saturation": 3
            },
            "max_stack_size": 64
        },
        "count": 1
    }
}