{
  "type": "minecraft:smoking",
  "category": "misc",
  "cookingtime": 210,
  "experience": 2.0,
  "ingredient": {
    "item": "minecraft:ancient_debris"
  },
  "result": {
    "id": "minecraft:netherite_scrap",
    "components": {
      "custom_model_data": 6960001,
      "item_name": "{'text':'Grilled Onion'}",
      "food": {
        "nutrition": 2, 
        "saturation": 2,
        "can_always_eat": true,
        "effects": [
          {"effect": {"id": "minecraft:speed", "amplifier": 0, "duration": 600}, "probability": 1.0}
        ]
      }
    }
  }
}