{
  "type": "minecraft:crafting_shapeless",
  "category": "misc",
  "group": "netherite_ingot",
  "ingredients": [
    {
      "item": "minecraft:netherite_block"
    }
  ],
  "result": {
    "id": "minecraft:netherite_ingot",
    "components": {
      "custom_model_data": 6960001,
      "item_name": "{'text':'Slice of Whole Grilled Onion'}",
      "rarity": "rare",
      "food": {
        "nutrition": 3, 
        "saturation": 3,
        "can_always_eat": true,
        "effects": [
          {"effect": {"id": "minecraft:speed", "amplifier": 1, "duration": 900}, "probability": 1.0},
          {"effect": {"id": "minecraft:jump_boost", "amplifier": 0, "duration": 900}, "probability": 1.0},
          {"effect": {"id": "minecraft:slow_falling", "amplifier": 0, "duration": 900}, "probability": 1.0},
          {"effect": {"id": "minecraft:absorption", "amplifier": 1, "duration": 900}, "probability": 1.0}
        ]
      }
    }
  }
}