{
  "type": "minecraft:crafting_shaped",
  "category": "In-N-Out Food",
  "pattern": [
    "GGG",
    "GGG",
    "GGG"
  ],
  "key": {
    "G": {
      "item": "minecraft:netherite_ingot"
    }
  },
  "result": {
    "id": "minecraft:netherite_block",
    "components": {
      "custom_model_data": 6960001,
      "item_name": "{'text':'Whole Grilled Onion'}",
      "rarity": "epic",
      "food": {
        "nutrition": 4, 
        "saturation": 4,
        "can_always_eat": true,
        "effects": [
          {"effect": {"id": "minecraft:speed", "amplifier": 2, "duration": 1200}, "probability": 1.0},
          {"effect": {"id": "minecraft:jump_boost", "amplifier": 3, "duration": 1200}, "probability": 1.0},
          {"effect": {"id": "minecraft:slow_falling", "amplifier": 1, "duration": 1200}, "probability": 1.0},
          {"effect": {"id": "minecraft:absorption", "amplifier": 3, "duration": 1200}, "probability": 1.0}
        ]
      }
    }
  }
}