{
  "type": "minecraft:crafting_shaped",
  "category": "In-N-Out Food",
  "pattern": [
      "CM"
  ],
  "key": {
      "C": {
          "item": "minecraft:yellow_dye"
      },
      "M": {
        "item": "minecraft:brown_dye"
      }
  },
  "result": {
    "id": "minecraft:white_dye",
    "components": {
        "custom_model_data": 6960001,
        "item_name": "{'text':'1x1 Flying Dutchman'}",
        "food": {
          "nutrition": 3,
          "saturation": 3
      }
    },
    "count": 1
  }
}