{
    "type": "minecraft:crafting_shapeless",
    "category": "In-N-Out Food",
    "ingredients": [
        {
            "item": "minecraft:white_dye"
        },
        {
            "item": "minecraft:white_dye"
        }
    ],
    "result": {
        "id": "minecraft:light_gray_dye",
        "components": {
            "custom_model_data": 6960001,
            "item_name": "{'text':'Flying Dutchman'}",
            "food": {
                "nutrition": 6,
                "saturation": 6
            },
            "max_stack_size": 64
        },
        "count": 1
    }
}