{
  "type": "minecraft:crafting_shaped",
  "pattern": [
      "#O ",
      "CC ",
      "SFP"
  ],
  "key": {
    "#": {
      "item": "minecraft:magenta_dye"
    },
    "O": {
      "item": "minecraft:netherite_scrap"
    },
    "C": {
      "item": "minecraft:yellow_dye"
    },
    "S": {
      "item": "minecraft:sugar"
    },
    "F": {
        "item": "minecraft:baked_potato"
    },
    "P": {
      "item": "minecraft:paper"
    }
  },
  "result": {
    "id": "minecraft:enchanted_golden_apple",
    "components": {
      "custom_model_data": 6960023,
      "item_name": "{'text':'Animal Style® Fry'}",
      "rarity": "uncommon",
      "enchantment_glint_override": true,
      "food": {
        "nutrition": 12,
        "saturation": 10,
        "can_always_eat": true,
        "effects": [
          {"effect": {"id": "minecraft:speed", "amplifier": 1, "duration": 600}, "probability": 1.0},
          {"effect": {"id": "minecraft:haste", "amplifier": 2, "duration": 600}, "probability": 1.0},
          {"effect": {"id": "minecraft:nausea", "amplifier": 3, "duration": 600}, "probability": 0.01}
        ]
      },
      "max_stack_size": 64
    },
    "count": 1
  }
}