{
  "type": "minecraft:crafting_shaped",
  "pattern": [
      "SFP"
  ],
  "key": {
    "S": {
      "item": "minecraft:sugar"
    },
    "F": {
        "item": "minecraft:baked_potato"
    },
    "P": {
      "item": "minecraft:paper"
    }
  },
  "result": {
    "id": "minecraft:enchanted_golden_apple",
    "components": {
      "custom_model_data": 6960021,
      "item_name": "{'text':'French Fry'}",
      "rarity": "common",
      "enchantment_glint_override": false,
      "food": {
        "nutrition": 6,
        "saturation": 6,
        "can_always_eat": true,
        "effects": [
          {"effect": {"id": "minecraft:haste", "amplifier": 0, "duration": 300}, "probability": 1.0},
          {"effect": {"id": "minecraft:nausea", "amplifier": 1, "duration": 600}, "probability": 0.01}
        ]
      },
      "max_stack_size": 64
    },
    "count": 1
  }
}