{
    "type": "minecraft:crafting_shaped",
    "category": "In-N-Out Food",
    "pattern": [
        "CM ",
        "CM1"
    ],
    "key": {
        "C": {
            "item": "minecraft:yellow_dye"
        },
        "M": {
            "item": "minecraft:brown_dye"
        },
        "1": {
            "item": "minecraft:white_dye"
        }
    },
    "result": {
        "id": "minecraft:gray_dye",
        "components": {
            "custom_model_data": 6960001,
            "item_name": "{'text':'3x3 Flying Dutchman'}",
            "food": {
            "nutrition": 9,
            "saturation": 9
            },
            "max_stack_size": 64
        },
        "count": 1
    }
}