{
  "type": "chest",
  "pools": [
    {
      "rolls": 1,
      "bonus_rolls": 1,
      "entries": [
        {
          "type": "item",
          "weight": 1,
          "name": "minecraft:green_dye",
          "functions": [
            {
              "function": "set_count",
              "count": {
                "min": 1,
                "max": 32
              }
            },
            {
              "function": "set_components",
              "components": {
                "custom_model_data": 6960001,
                "food": {
                  "nutrition": 2,
                  "saturation": 2
                }
              }
            },
            {
              "function": "set_name",
              "name": [
                {
                  "text": "Cleaned and Cored Potato"
                }
              ],
              "target": "item_name"
            }
          ]
        },
        {
          "type": "empty",
          "weight": 2
        }
      ]
    }
  ]
}