{
  "type": "chest",
  "pools": [
    {
      "rolls": {
        "min": 1,
        "max": 2
      },
      "bonus_rolls": 1,
      "entries": [
        {
          "type": "item",
          "weight": 1,
          "name": "minecraft:glass_bottle",
          "functions": [
            {
              "function": "set_count",
              "count": {
                "min": 1,
                "max": 6
              }
            },
            {
              "function": "set_components",
              "components": {
                "custom_model_data": 6960001
              }
            },
            {
              "function": "set_name",
              "name": [
                {
                  "text": "Medium Drink"
                }
              ],
              "target": "item_name"
            }
          ]
        },
        {
          "type": "empty",
          "weight": 1
        }
      ]
    }
  ]
}