{
  "type": "chest",
  "pools": [
    {
      "rolls": {
        "min": 1,
        "max": 4
      },
      "bonus_rolls": 1,
      "entries": [
        {
          "type": "empty",
          "weight": 1
        },
        {
          "type": "item",
          "weight": 2,
          "name": "minecraft:bread",
          "functions": [
            {
              "function": "set_count",
              "count": {
                "min": 2,
                "max": 4
              }
            },
            {
              "function": "set_components",
              "components": {
                "custom_model_data": 6960001,
                "food": {
                  "nutrition": 2, 
                  "saturation": 1
                }
              }
            },
            {
              "function": "set_name",
              "name": [
                {
                  "text": "Bun"
                }
              ],
              "target": "item_name"
            }
          ]
        },
        {
          "type": "item",
          "weight": 1,
          "name": "minecraft:sugar",
          "functions": [
            {
              "function": "set_count",
              "count": {
                "min": 1,
                "max": 2
              }
            },
            {
              "function": "set_components",
              "components": {
                "custom_model_data": 6960001
              }
            },
            {
              "function": "set_name",
              "name": [
                {
                  "text": "Salt"
                }
              ],
              "target": "item_name"
            }
          ]
        }
      ]
    }
  ]
}