{
  "type": "chest",
  "pools": [
    {
      "rolls": {
        "min": 1,
        "max": 2
      },
      "bonus_rolls": 1,
      "entries": [
        {
          "type": "item",
          "weight": 1,
          "name": "minecraft:pink_dye",
          "functions": [
            {
              "function": "set_count",
              "count": {
                "min": 4,
                "max": 32
              }
            },
            {
              "function": "set_components",
              "components": {
                "custom_model_data": 6960001,
                "food": {
                  "nutrition": 0.5, 
                  "saturation": 1,
                  "effects": [
                    {"effect": {"id": "minecraft:hunger", "duration": 600}, "probability": 0.1}
                  ]
                }
              }
            },
            {
              "function": "set_name",
              "name": [
                {
                  "text": "Raw Meat Patty"
                }
              ],
              "target": "item_name"
            }
          ]
        },
        {
          "type": "empty",
          "weight": 1
        }
      ]
    }
  ]
}