{
  "type": "chest",
  "pools": [
    {
      "rolls": 1,
      "bonus_rolls": 1,
      "entries": [
        {
          "type": "item",
          "weight": 200,
          "name": "minecraft:beetroot",
          "functions": [
            {
              "function": "set_count",
              "count": {
                "min": 1,
                "max": 2
              }
            }
          ]
        },
        {
          "type": "item",
          "weight": 2,
          "name": "minecraft:ancient_debris",
          "functions": [
            {
              "function": "set_count",
              "count": 1
            }
          ]
        },
        {
          "type": "item",
          "weight": 200,
          "name": "minecraft:glass_bottle",
          "functions": [
            {
              "function": "set_count",
              "count": {
                "min": 4,
                "max": 8
              }
            },
            {
              "function": "set_components",
              "components": {
                "custom_model_data": 6960001
              }
            },
            {
              "function": "set_name",
              "name": [
                {
                  "text": "Medium Drink"
                }
              ],
              "target": "item_name"
            }
          ]
        },
        {
          "type": "item",
          "weight": 4,
          "name": "minecraft:white_shulker_box",
          "functions": [
            {
              "function": "set_count",
              "count": 1
            }
          ]
        },
        {
          "type": "item",
          "weight": 4,
          "name": "minecraft:brown_shulker_box",
          "functions": [
            {
              "function": "set_count",
              "count": 1
            }
          ]
        },
        {
          "type": "empty",
          "weight": 100
        }
      ]
    }
  ]
}