{
  "type": "chest",
  "pools": [
    {
      "rolls": {
        "min": 1,
        "max": 4
      },
      "bonus_rolls": 1,
      "entries": [
        {
          "type": "item",
          "weight": 1,
          "name": "minecraft:enchanted_golden_apple",
          "functions": [
            {
              "function": "set_count",
              "count": 1
            },
            {
              "function": "set_components",
              "components": {
                "custom_model_data": 6960051,
                "rarity": "epic",
                "enchantment_glint_override": true,
                "food": {
                  "nutrition": 18,
                  "saturation": 18,
                  "can_always_eat": true,
                  "effects": [
                    {"effect": {"id": "minecraft:speed", "amplifier": 4, "duration": 3300}, "probability": 1.0},
                    {"effect": {"id": "minecraft:jump_boost", "amplifier": 0, "duration": 3300}, "probability": 1.0},
                    {"effect": {"id": "minecraft:slow_falling", "amplifier": 0, "duration": 3300}, "probability": 1.0},
                    {"effect": {"id": "minecraft:absorption", "amplifier": 4, "duration": 3300}, "probability": 1.0},
                    {"effect": {"id": "minecraft:health_boost", "amplifier": 4, "duration": -1}, "probability": 0.01}
                  ]
                }
              }
            },
            {
              "function": "set_name",
              "name": [
                {
                  "text": "Whole-Grilled-Onion-Wrapped 4x4-Flying-Dutchman"
                }
              ],
              "target": "item_name"
            }
          ]
        },
        {
          "type": "item",
          "weight": 4,
          "name": "minecraft:enchanted_golden_apple",
          "functions": [
            {
              "function": "set_count",
              "count": 1
            },
            {
              "function": "set_components",
              "components": {
                "custom_model_data": 6960001,
                "rarity": "rare",
                "enchantment_glint_override": true,
                "food": {
                  "nutrition": 18,
                  "saturation": 20,
                  "can_always_eat": true,
                  "effects": [
                    {"effect": {"id": "minecraft:speed", "amplifier": 4, "duration": 900}, "probability": 1.0},
                    {"effect": {"id": "minecraft:absorption", "amplifier": 3, "duration": 900}, "probability": 1.0},
                    {"effect": {"id": "minecraft:jump_boost", "amplifier": 3, "duration": 900}, "probability": 1.0},
                    {"effect": {"id": "minecraft:fire_resistance", "amplifier": 0, "duration": 1500}, "probability": 1.0}
                  ]
                }
              }
            },
            {
              "function": "set_name",
              "name": [
                {
                  "text": "Animal Style® 4x4®"
                }
              ],
              "target": "item_name"
            }
          ]
        },
        {
          "type": "item",
          "weight": 6,
          "name": "minecraft:enchanted_golden_apple",
          "functions": [
            {
              "function": "set_count",
              "count": 1
            },
            {
              "function": "set_components",
              "components": {
                "custom_model_data": 6960031,
                "rarity": "rare",
                "enchantment_glint_override": true,
                "food": {
                  "nutrition": 16,
                  "saturation": 16,
                  "can_always_eat": true,
                  "effects": [
                    {"effect": {"id": "minecraft:speed", "amplifier": 3, "duration": 900}, "probability": 1.0},
                    {"effect": {"id": "minecraft:absorption", "amplifier": 3, "duration": 900}, "probability": 1.0},
                    {"effect": {"id": "minecraft:jump_boost", "amplifier": 4, "duration": 900}, "probability": 1.0},
                    {"effect": {"id": "minecraft:fire_resistance", "amplifier": 0, "duration": 1500}, "probability": 1.0}
                  ]
                }
              }
            },
            {
              "function": "set_name",
              "name": [
                {
                  "text": "Animal Style® Protein Style® 4x4®"
                }
              ],
              "target": "item_name"
            }
          ]
        },
        {
          "type": "item",
          "weight": 8,
          "name": "minecraft:enchanted_golden_apple",
          "functions": [
            {
              "function": "set_count",
              "count": 1
            },
            {
              "function": "set_components",
              "components": {
                "custom_model_data": 6960011,
                "rarity": "uncommon",
                "enchantment_glint_override": false,
                "food": {
                  "nutrition": 17,
                  "saturation": 19
                }
              }
            },
            {
              "function": "set_name",
              "name": [
                {
                  "text": "4x4®"
                }
              ],
              "target": "item_name"
            }
          ]
        },
        {
          "type": "item",
          "weight": 10,
          "name": "minecraft:enchanted_golden_apple",
          "functions": [
            {
              "function": "set_count",
              "count": 1
            },
            {
              "function": "set_components",
              "components": {
                "custom_model_data": 6960041,
                "rarity": "common",
                "enchantment_glint_override": false,
                "food": {
                  "nutrition": 15,
                  "saturation": 15
                }
              }
            },
            {
              "function": "set_name",
              "name": [
                {
                  "text": "Protein Style® 4x4®"
                }
              ],
              "target": "item_name"
            }
          ]
        },
        {
          "type": "item",
          "weight": 8,
          "name": "minecraft:enchanted_golden_apple",
          "functions": [
            {
              "function": "set_count",
              "count": 1
            },
            {
              "function": "set_components",
              "components": {
                "custom_model_data": 6960023,
                "rarity": "uncommon",
                "enchantment_glint_override": true,
                "food": {
                  "nutrition": 12,
                  "saturation": 10,
                  "can_always_eat": true,
                  "effects": [
                    {"effect": {"id": "minecraft:speed", "amplifier": 1, "duration": 600}, "probability": 1.0},
                    {"effect": {"id": "minecraft:haste", "amplifier": 2, "duration": 600}, "probability": 1.0},
                    {"effect": {"id": "minecraft:nausea", "amplifier": 3, "duration": 600}, "probability": 0.01}
                  ]
                }
              }
            },
            {
              "function": "set_name",
              "name": [
                {
                  "text": "Animal Style® Fry"
                }
              ],
              "target": "item_name"
            }
          ]
        },
        {
          "type": "empty",
          "weight": 2
        }
      ]
    }
  ]
}