{
  "type": "chest",
  "pools": [
    {
      "rolls": 1,
      "bonus_rolls": 1,
      "entries": [
        {
          "type": "item",
          "weight": 3,
          "name": "minecraft:kelp",
          "functions": [
            {
              "function": "set_count",
              "count": {
                "min": 1,
                "max": 2
              }
            }
          ]
        },
        {
          "type": "item",
          "weight": 2,
          "name": "minecraft:sea_pickle",
          "functions": [
            {
              "function": "set_count",
              "count": {
                "min": 1,
                "max": 2
              }
            }
          ]
        },
        {
          "type": "item",
          "weight": 1,
          "name": "minecraft:beetroot",
          "functions": [
            {
              "function": "set_count",
              "count": {
                "min": 1,
                "max": 2
              }
            }
          ]
        },
        {
          "type": "item",
          "weight": 2,
          "name": "minecraft:purple_dye",
          "functions": [
            {
              "function": "set_count",
              "count": {
                "min": 1,
                "max": 2
              }
            },
            {
              "function": "set_components",
              "components": {
                "custom_model_data": 6960001,
                "food": {
                  "nutrition": 1, 
                  "saturation": 1
                }
              }
            },
            {
              "function": "set_name",
              "name": [
                {
                  "text": "Onion Slice"
                }
              ],
              "target": "item_name"
            }
          ]
        },
        {
          "type": "item",
          "weight": 2,
          "name": "minecraft:magenta_dye",
          "functions": [
            {
              "function": "set_count",
              "count": {
                "min": 1,
                "max": 2
              }
            },
            {
              "function": "set_components",
              "components": {
                "custom_model_data": 6960001,
                "food": {
                  "nutrition": 1, 
                  "saturation": 1
                }
              }
            },
            {
              "function": "set_name",
              "name": [
                {
                  "text": "Spread"
                }
              ],
              "target": "item_name"
            }
          ]
        },
        {
          "type": "item",
          "weight": 2,
          "name": "minecraft:yellow_dye",
          "functions": [
            {
              "function": "set_count",
              "count": {
                "min": 1,
                "max": 2
              }
            },
            {
              "function": "set_components",
              "components": {
                "custom_model_data": 6960001,
                "food":{
                  "nutrition": 2, 
                  "saturation": 1
                }
              }
            },
            {
              "function": "set_name",
              "name": [
                {
                  "text": "Cheese"
                }
              ],
              "target": "item_name"
            }
          ]
        },
        {
          "type": "item",
          "weight": 1,
          "name": "minecraft:pink_dye",
          "functions": [
            {
              "function": "set_count",
              "count": {
                "min": 1,
                "max": 2
              }
            },
            {
              "function": "set_components",
              "components": {
                "custom_model_data": 6960001,
                "food": {
                  "nutrition": 0.5, 
                  "saturation": 1,
                  "effects": [
                    {"effect": {"id": "minecraft:hunger", "duration": 600}, "probability": 0.1}
                  ]
                }
              }
            },
            {
              "function": "set_name",
              "name": [
                {
                  "text": "Raw Meat Patty"
                }
              ],
              "target": "item_name"
            }
          ]
        },
        {
          "type": "empty",
          "weight": 3
        }
      ]
    }
  ]
}